created_at,text,quote_count,reply_count,retweet_count,favorite_count,positive_sentiment
2020-10-25,"@arctechinc @Tesla Yes, very helpful. Thanks all beta testers!",29,197,107,3275,0.9712924361228943
2020-10-22,"Now that Tesla FSD beta is out in limited release, FSD price (new or upgrade) will go up by ~$2k on Monday",777,3349,2601,60274,0.06939289718866348
2020-10-22,@TeslaGong @PPathole @teslaownersSV @tesla_raj As soon as we complete testing &amp; regulators approve. So many differe‚Ä¶ https://t.co/d4uoA1jnCX,29,156,150,2218,0.0031090457923710346
2020-10-22,@PPathole @teslaownersSV @tesla_raj Yes,6,51,34,811,0.027032608166337013
2020-10-22,@teslaownersSV @tesla_raj Haha,35,298,224,10256,0.15621228516101837
2020-10-21,@WholeMarsBlog Not intentional! We just wanted to show that you could theoretically convert the entire US vehicle f‚Ä¶ https://t.co/PcZpbD8JJ6,203,544,1212,23946,0.004655911587178707
2020-10-17,"RT @Tesla: There's no place like home..especially if it has a Solar Roof.

This Kansas ranch got theirs installed in 4 days.",0,0,0,0,0.09621729701757431
2020-10-16,"RT @Tesmanian_com: Tesla Model 3 SR+ Has Lowest Energy Consumption of All BEVs, Says Report

https://t.co/7C0V16WT6Y",0,0,0,0,0.009454842656850815
2020-10-14,@gem8mingen @Tesla Congratulations!,9,73,61,2293,0.9982737302780151
2020-10-14,"@flcnhvy @WholeMarsBlog @Kristennetten @boringcompany @Tesla It‚Äôs still there, but focus is Vegas &amp; Prufrock, our new tunneling machine",6,82,67,1855,0.009958358481526375
2020-10-14,@AstroJordy @Kristennetten @boringcompany @Tesla For sure,5,53,42,1258,0.0012450667563825846
2020-10-14,@WholeMarsBlog @Kristennetten @boringcompany @Tesla Maybe a month or so. Some finishing touches need to be done on the stations.,17,62,68,1179,0.013158709742128849
2020-10-14,"@Kristennetten @boringcompany @Tesla We simplified this a lot. It‚Äôs basically just Teslas in tunnels at this point,‚Ä¶ https://t.co/1xhs2AwXB9",438,646,267,6636,0.01087678037583828
2020-10-12,@jwangARK Tesla FSD computer‚Äôs dual SoCs function like twin engines on planes ‚Äî they each run different neural nets‚Ä¶ https://t.co/dFWLHXU7Ce,15,50,139,1498,0.004921706393361092
2020-10-12,@OhioTesla @JenDunlap_ @Tesla @CARandDRIVER @teslaownersSV @Teslarati @ElectrekCo Glad Jen is safe!,12,106,207,10348,0.5805673003196716
2020-10-11,@enn_nafnlaus There are sketchy edits to Tesla wiki that whitewash Eberhard‚Äôs problems/glorify his role. Pretty odd‚Ä¶ https://t.co/PPSorKWdI8,13,58,71,1115,0.001106740441173315
2020-10-11,@enn_nafnlaus When Eberhard was fired from the Tesla CEO role in mid 2007 for providing false information to me &amp; t‚Ä¶ https://t.co/8hJ3VlxZfP,38,174,309,6953,0.0010334862163290381
2020-10-11,@Erdayastronaut @flcnhvy @PelleBrannvall @Neopork85 @Caspar_Stanley @ErcXspace @MarcusHouseGame @FelixSchlang‚Ä¶ https://t.co/XlBiDpmUuQ,29,184,237,4449,0.0004654650983866304
2020-10-09,"RT @MotorTrend: We put the 2020 @Tesla Model Y Long Range electric SUV on our test track to find out what it can do‚Äîand it turns out, well,‚Ä¶",0,0,0,0,0.19999365508556366
2020-10-08,"@TashaARK Waymo is impressive, but a highly specialized solution. The Tesla approach is a general solution. The lat‚Ä¶ https://t.co/BbchdqHjjA",170,290,570,4416,0.8073933124542236
2020-10-07,@flcnhvy @teslaownersSV @raytech247 @WholeMarsBlog That would be like licensing Battlestar Galactica. Actually buil‚Ä¶ https://t.co/Hi2oD05YE8,20,132,140,2257,0.021345999091863632
2020-10-07,@raytech247 @WholeMarsBlog Even GM &amp; Chrysler went bankrupt in 2009. Ford and Tesla are the only US car companies t‚Ä¶ https://t.co/ieaOuIsJRi,20,51,107,1486,0.0024163792841136456
2020-10-07,"@raytech247 @WholeMarsBlog The Model 3 production ramp was sheer agony for two years, but that was do or die for Te‚Ä¶ https://t.co/zHqXmcO6Gy",11,37,164,2093,0.021911701187491417
2020-10-05,"Turn volume to 11 &amp; play Powerglide in your Tesla 

https://t.co/l07Yc02P7g",183,946,1164,14150,0.007559281773865223
2020-10-05,"Music volume on a Tesla goes to 11, because it‚Äôs louder than 10

https://t.co/ab5hAMo3EN",245,1131,1837,27727,0.05749624967575073
2020-10-02,@Mike94160775 @Tesla @ElectrekCo @Teslarati Glad you‚Äôre ok!,9,48,53,2093,0.8098056316375732
2020-10-02,@Sofiaan @Tesla Haha,17,243,272,14534,0.5419032573699951
2020-10-01,@officialalishap @flcnhvy @Tesla Glad to hear your Mom is ok,4,38,59,2050,0.8835781812667847
2020-09-29,@ValaAfshar @Tesla Having a low center of gravity makes a world of difference to safety,25,234,294,5531,0.3232685923576355
2020-09-28,"@teslavibes That‚Äôs total market, not all Tesla. We do see Tesla reaching 20M vehicles/year probably before 2030, bu‚Ä¶ https://t.co/GXnszaCAR3",106,246,365,6170,0.038215961307287216
2020-09-28,"@brian_heide @Tesla What about a heavy duty, paintball machine gun mounted on the bed rails?",50,316,186,4509,0.003829621709883213
2020-09-26,"@Kristennetten Totally up to you, but if you head to a Tesla delivery center near you &amp; maybe help out new owners, that would be cool",40,191,177,2788,0.39980921149253845
2020-09-26,"Thanks Tesla Team for great work on deliveries! For new owners, we super appreciate accommodating us on delivery ti‚Ä¶ https://t.co/PPzzHXbxgp",237,1688,2487,56538,0.9843330383300781
2020-09-24,Only thing beyond ludicrous is plaid https://t.co/rHuWk20EGG,455,2924,3515,53163,0.010465718805789948
2020-09-23,@tobyliiiiiiiiii @Tesla Roadster will be better,44,248,300,5896,0.08490666002035141
2020-09-22,@tobyliiiiiiiiii @CARandDRIVER @Tesla Haha,21,193,118,2913,0.07497905194759369
2020-09-22,RT @CARandDRIVER: We drove a Model S Long Range Plus for 422.7 miles in California and believe we could have made it to 430. @Tesla explain‚Ä¶,0,0,0,0,0.10374172031879425
2020-09-21,"Important note about Tesla Battery Day unveil tomorrow. This affects long-term production, especially Semi, Cybertr‚Ä¶ https://t.co/FO4xHXAs9Q",1344,3361,5902,74260,0.09596480429172516
2020-09-21,@singing__surfer I‚Äôm pretty sure Tesla could do a much better autocorrect. The bar is so low haha.,18,222,201,7162,0.11677069962024689
2020-09-20,@llamaa35079089 @ID_AA_Carmack @Tesla You really want waypoints this much?,72,792,140,3354,0.022866686806082726
2020-09-19,@Model3Owners @TrungTPhan It took an utterly insane amount of work to move the SpaceX &amp; Tesla success probabilities above ~zero,37,206,405,4329,0.040589407086372375
2020-09-19,"@TrungTPhan To be frank, in the early days, I thought there was &gt;90% chance that both SpaceX &amp; Tesla would be worth‚Ä¶ https://t.co/cN2bFBua5q",104,470,1342,30276,0.054474905133247375
2020-09-16,Fallout Shelter is on your Tesla. Tap the Entertainment button.,596,2089,4635,100494,0.028650321066379547
2020-09-15,@jackfarrington @Tesla Good point,2,30,17,959,0.8213106989860535
2020-09-12,"@brandonbernicky @WholeMarsBlog Releasing private beta in 2 to 4 weeks, public beta (early access owners who opt in‚Ä¶ https://t.co/OYCpr9I9Hq",113,206,257,1938,0.000824075541459024
2020-09-10,Bitte arbeiten Sie bei Tesla Giga Berlin! Es wird super Spa√ü machen!! https://t.co/FcNoPr2oII,491,2452,2564,37726,0.9902296662330627
2020-09-10,@MonicaLewinsky Try a Tesla &amp; you‚Äôre welcome to give it back if you decide you prefer a Subaru,546,2053,2944,96981,0.3711700439453125
2020-09-10,"@DisruptResearch Tesla is best understood as a collection of about a dozen startups, mostly in series, increasingly‚Ä¶ https://t.co/zYnsXiSP4N",189,257,1106,6653,0.06901731342077255
2020-09-10,@DisruptResearch Tesla R&amp;D productivity is exceptionally good due to the caliber of engineering talent,29,103,172,2156,0.8815738558769226
2020-09-09,Tesla Model S &amp; X have hospital-grade (HEPA) air filters. 3 &amp; Y are really good too. This has a big effect on healt‚Ä¶ https://t.co/ytsK3LmfiI,280,1421,2797,26807,0.7147066593170166
2020-09-09,"RT @Teslarati: Tesla Energy ramps hiring at Giga New York for accelerated solar production
https://t.co/Iha2DREwu0",0,0,0,0,0.04265488684177399
2020-09-09,"@RBReich All Tesla workers also get stock, so their compensation increased proportionately. You are a modern day moron.",1089,1720,6816,44609,0.003461393527686596
2020-09-07,"If you bombard Earth with enough photons, eventually it emits a Tesla (AK)",547,2998,6060,112617,0.07113181054592133
2020-09-03,@sara_boutall @Tesla ü§£ü§£,8,97,93,6012,0.006509984377771616
2020-09-02,@StefanTPeterson @Tesla Trust ur butt haha,81,226,224,4041,0.02852523699402809
2020-08-30,"@Teslarati Tesla Germany designed &amp; built the vaccine RNA printers for CureVac, but, subject to some CureVac IP, th‚Ä¶ https://t.co/X32SdA871G",32,154,364,5556,0.004666706081479788
2020-08-30,"@kulpability @tlowdon @EthicalSkeptic One person at Tesla (out of 60,000) was hospitalized in serious condition (he‚Ä¶ https://t.co/UNJGvlveuk",33,68,312,2632,0.00214931252412498
2020-08-30,"@tlowdon @EthicalSkeptic Some of the tests we initially tried at Tesla were ~50% false positive, including some fro‚Ä¶ https://t.co/bY0ooPHPp7",132,380,1648,13458,0.0010793056571856141
2020-08-28,"@flcnhvy @DJSnM Neuralink this month &amp; Tesla next month, SpaceX probably October. We will have made a lot of progre‚Ä¶ https://t.co/cjSgR0sJIT",125,212,509,6353,0.18225409090518951
2020-08-28,@GerberKawasaki @Tesla Thanks to a smart and hardworking team at Tesla. These sure are wild times ‚Ä¶,48,344,497,15681,0.9076606631278992
2020-08-26,@Teslarati Tesla brake lights are powered by a miniverse inside a microverse https://t.co/aduoTl537T,50,267,438,6985,0.009757344610989094
2020-08-26,"@Erdayastronaut @Tesla No, we‚Äôre focused on developing new products &amp; scaling production",34,224,187,4347,0.010436108335852623
2020-08-24,@tesla_addicted @Erdayastronaut No &amp; not possible at this scale,3,117,52,2004,0.011653738096356392
2020-08-22,"RT @Teslarati: Tesla Model 3 is ‚Äúmost satisfying‚Äù car across all ages, study reveals https://t.co/ka0iha7z6C https://t.co/XUZMuLvFHF",0,0,0,0,0.2504802644252777
2020-08-21,"RT @jaxzin: Power is flowing again from the grid. 
Grateful for my @Tesla #Powerwall and 162 hours of uninterrupted backup power. ‚ö°Ô∏è‚ö°Ô∏è‚ö°Ô∏è ht‚Ä¶",0,0,0,0,0.9392600059509277
2020-08-20,More fun games coming soon to ur Tesla https://t.co/zBdYGOuHsz,3158,4406,30106,256521,0.8874593377113342
2020-08-20,New Tesla feature coming that enables your car to play snake jazz or Polynesian elevator music through its outside speakers wherever you go,1944,4803,9470,146484,0.22124812006950378
2020-08-19,"@TeslaTested That‚Äôs an error in Canada. The lease payment is specifically lower than loan financing, as Tesla expec‚Ä¶ https://t.co/VAE3Ppljox",10,86,78,1958,0.0016803971957415342
2020-08-19,"RT @Tesla: Big updates in üá®üá¶ 

‚Äì Trans-Canada Supercharging ‚úÖ 
‚Äì Model Y deliveries ‚úÖ 
‚Äì Leasing for Model Y &amp; Model 3 üéØ
https://t.co/gyFBE‚Ä¶",0,0,0,0,0.025511201471090317
2020-08-17,@PPathole The ‚Äúearly investor‚Äù part of Tesla is wrong. That bs has been pushed by Eberhard (worst person I‚Äôve ever‚Ä¶ https://t.co/XVuOEiG9eX,23,116,71,1469,0.004955883137881756
2020-08-16,"@EuricSanti @luisabinader @Tesla Thank you, Tesla is most honored!",275,360,2169,29926,0.9949943423271179
2020-08-15,https://t.co/mDoPO17YB9 https://t.co/326rkUEYW8,94,777,1255,14772,0.0010836843866854906
2020-08-15,"@flcnhvy @ICannot_Enough @Tesla This is out of our hands, so hard to predict. Maybe on order of 10 billion km of re‚Ä¶ https://t.co/38fzby8pNO",21,141,84,1870,0.013215952552855015
2020-08-15,"@teslaownersSV @PPathole @ICannot_Enough @flcnhvy @Tesla A lot of work remains. Technically, we have it working in‚Ä¶ https://t.co/WzG16TAxEe",20,70,65,1168,0.08493176102638245
2020-08-15,@PPathole @ICannot_Enough @flcnhvy @Tesla Dojo is still being built. Maybe a year or so from V1.0.,22,58,32,837,0.025521613657474518
2020-08-15,"@ICannot_Enough @flcnhvy @Tesla Autopilot was trapped in a local maximum, labeling single camera images uncorrelate‚Ä¶ https://t.co/W1gOo6ETzH",45,79,102,1738,0.0009701278759166598
2020-08-15,@ICannot_Enough @flcnhvy @Tesla Your insights over the years have been excellent. That‚Äôs approximately right.,20,54,67,1738,0.9278469085693359
2020-08-14,@Erdayastronaut This is what I meant by ‚Äú4D‚Äù https://t.co/xpX7j5SnPy,27,129,428,4193,0.00994417816400528
2020-08-14,Tesla is developing a NN training computer called Dojo to process truly vast amounts of video data. It‚Äôs a beast! P‚Ä¶ https://t.co/Aipo9Gd8ek,947,4564,9473,128286,0.4053346514701843
2020-08-14,@Teslarati Tesla team is working hard on increasing Powerwall production,15,186,180,4569,0.16629615426063538
2020-08-14,@Erdayastronaut Probably not faster than utility power can be restored. Powerwall/Powerpack/Megapack can certainly‚Ä¶ https://t.co/712ZNZTmbj,12,99,132,2345,0.007470948155969381
2020-08-11,"@Mark_Goldberg_ @Tesla One day soon, I will wear this outfit https://t.co/T0SnF4UgYK",53,339,175,4384,0.15951775014400482
2020-08-11,@Mark_Goldberg_ @Tesla I was trying to channel Herb Tarlek from WKRP https://t.co/0RC72S0ZAY,6,74,41,1778,0.001300024800002575
2020-08-11,@Mark_Goldberg_ @Tesla Note the fabulous plaid jacket &amp; gingham shirt combo ü§£,21,274,196,11372,0.715229332447052
2020-08-08,"@PPathole @BernieSanders Over time, since we give all employees shares, my ownership is diluted automatically. From‚Ä¶ https://t.co/AQgI0Cu2HN",24,157,213,2613,0.0063322181813418865
2020-08-08,"@BernieSanders And why aim your attacks at Tesla, when we‚Äôre doing more than any other company on Earth to advance‚Ä¶ https://t.co/Vc6iSFxioZ",254,918,1868,18335,0.005121720023453236
2020-08-08,@WR4NYGov @BernieSanders Good analysis. He also includes a govt loan for high efficiency vehicles that Tesla paid b‚Ä¶ https://t.co/iaklN5fvpb,10,55,137,1758,0.31734874844551086
2020-08-06,RT @Tesla: Looking up in Model Y https://t.co/iAfpJ491Zz,0,0,0,0,0.02807806059718132
2020-08-02,@NatalCicuto @Tesla @Kristennetten @TeslaForThe_Win Working on it,23,270,169,12612,0.011590617708861828
2020-08-01,"RT @cleantechnica: Tesla Autopilot Accidents: 1 out of 4,530,000 Miles; US Average: 1 out of 479,000¬†Miles https://t.co/NnBeTmY1Tr",0,0,0,0,0.00855395570397377
2020-08-01,RT @Tesla: Tesla Q2 Vehicle Safety Report https://t.co/C7no6bBwGc,0,0,0,0,0.004112225957214832
2020-07-30,@keith31345919 @PPathole https://t.co/0kAAv0DtNn,43,50,249,1703,0.001129547948949039
2020-07-30,@PPathole Sounds like he doesn‚Äôt realize Tesla makes the vaccine machine for CureVac,99,343,763,11493,0.004826408810913563
2020-07-30,@mkarolian @Tesla Thanks for letting me know. Will dig into it.,6,47,23,1020,0.9179448485374451
2020-07-29,@Teslarati Tesla is open to licensing software and supplying powertrains &amp; batteries. We‚Äôre just trying to accelera‚Ä¶ https://t.co/5t9vGkLWda,648,1186,3020,33634,0.0026567482855170965
2020-07-26,"RT @MKBHD: NEW VIDEO - Why Tesla Model Y is Their Most Important Car! [Auto Focus Ep 5]

https://t.co/3lC3l2Rgcj https://t.co/L65zAxYcTr",0,0,0,0,0.26359429955482483
2020-07-26,@RandyVegetables Some of whom seriously think Tesla toppled the Bolivian govt (sigh) https://t.co/yC5gaa12DW,83,380,308,8005,0.0029908856377005577
2020-07-25,@teslacn Tesla will add a power lift gate at no cost,149,495,1324,50329,0.03505104035139084
2020-07-24,"Tesla solar panels are $1.49/Watt 
https://t.co/5LpLhqgAzw",437,2898,4285,55357,0.003338238690048456
2020-07-24,@realDonaldTrump @Tesla Thank you on behalf of the Tesla team. We look forward to building Giga Texas!,371,1973,5186,92549,0.976189374923706
2020-07-23,"@Tesla We are actually looking for revolutionary actuaries for Tesla Insurance! Please inquire, if interested.",264,1167,985,19131,0.27935197949409485
2020-07-23,@LudaLisl @Tesla Can‚Äôt emphasize this enough,17,228,226,13567,0.0651596188545227
2020-07-23,@tomosman @Tesla Absolutely,7,135,95,4673,0.1308545470237732
2020-07-23,RT @Tesla: https://t.co/jmkacbRb5D,0,0,0,0,0.0032809164840728045
2020-07-19,"RT @businessinsider: Tesla's Model 3 received top marks from safety organizations in North America, Europe, and Australia https://t.co/NB92‚Ä¶",0,0,0,0,0.3013356626033783
2020-07-15,@GerberKawasaki Great work by Tesla software engineering,10,101,117,3345,0.9156733155250549
2020-07-14,@TeslaAircraft @flcnhvy @Tesla Exactly,7,102,62,2546,0.01228388026356697
2020-07-14,"@WholeMarsBlog Tesla Autopilot was literally named after the term used in aviation. Also, what about Autobahn!?",93,559,265,6385,0.0024607081431895494
2020-07-14,"@teslaownersSV @engineers_feed The strength &amp; perseverance of the people of Tesla, despite facing extreme difficulties",19,128,146,2418,0.02125546522438526
2020-07-14,@engineers_feed Playable on any Tesla!,22,175,245,12250,0.09220371395349503
2020-07-10,@TeslaParaTodos @EvaFoxU @Tesla üëÄ,12,65,52,1237,0.004014419391751289
2020-07-10,@mjkapkan @EvaFoxU @Tesla Probably a good one to design &amp; engineer in Germany,35,129,111,2150,0.6869169473648071
2020-07-10,@blue_bnd @EvaFoxU @Tesla Even more,8,48,44,1014,0.020436760038137436
2020-07-10,@Techgnostik @EvaFoxU @Tesla Ok,6,48,14,886,0.0032958840020000935
2020-07-10,@scr00chy @EvaFoxU @Tesla üëÄ,20,52,52,1169,0.0026091220788657665
2020-07-10,@EvaFoxU @Tesla Berlin Model Y is the one to watch. That is a revolution in automotive body engineering (finally).,62,240,452,7133,0.41880926489830017
2020-07-08,@vincent13031925 @teslacn @EvaFoxU Tesla China team is awesome!,28,305,240,8380,0.9885298609733582
2020-07-07,@valleyhack Essentially. Long-term purpose of my Tesla stock is to help make life multiplanetary to ensure it‚Äôs con‚Ä¶ https://t.co/ogUkAQHNsR,343,984,2729,40133,0.03564639389514923
2020-07-05,Limited edition short shorts now available at https://t.co/5EmNcTBvJv,4743,6636,9895,117993,0.004346948582679033
2020-07-05,"@spaceguy_24 @teslaownersSV @EvaFoxU @cnunezimages @Tesla Yeah, but first we need to finish Giga Berlin and a secon‚Ä¶ https://t.co/4BjNmNENKQ",28,155,66,1134,0.007216319441795349
2020-07-04,"@HassanAesthetic Yeah, Tesla app would enable you to release your car into the fleet &amp; summon it back at will",21,156,77,1699,0.10941959172487259
2020-07-04,Congrats Tesla Team ‚Äî U ROK!! https://t.co/lW7Ist98IY,204,3299,1620,37992,0.9963753819465637
2020-07-04,@GovStitt @Tesla @BearAgencyGroup @signal_factory Thanks for hosting me in Tulsa today!,52,156,144,2004,0.7770984172821045
2020-07-04,"@WholeMarsBlog @tesla_truth Greenspan is crackers, bananas, barky &amp; ten cards short of a full deck",40,310,290,5534,0.005698671098798513
2020-07-04,"RT @Tesla: Tesla Q2 2020 Vehicle Production &amp; Deliveries | Tesla, Inc. https://t.co/hgJDXLWmBg",0,0,0,0,0.0011166530894115567
2020-07-04,"@EvaFoxU @Tesla Others will probably pass human trials first, but this machine is pretty special for generalized va‚Ä¶ https://t.co/dWsz1MS1Ku",37,264,200,4049,0.10360042750835419
2020-07-03,"@Lockl34r @Tesla Unfortunately, there are thousands of automotive design rule differences between US &amp; EU, includin‚Ä¶ https://t.co/brBKyVq2kN",67,573,663,30454,0.0011754510924220085
2020-07-03,@ChrisMacFarland @Tesla Thanks!,11,163,59,6083,0.9753062129020691
2020-07-02,Thanks Tesla owners &amp; investors! Love you!! We will work super hard to earn your trust &amp; support. https://t.co/6mgcmlLTsA,313,3489,2782,43125,0.9904201626777649
2020-07-02,Tesla will make fabulous short shorts in radiant red satin with gold trim,2333,5116,11089,170318,0.42769119143486023
2020-07-02,"RT @Teslarati: Tesla crushes Wall Street‚Äôs Q2 estimates with over 90k deliveries $TSLA
https://t.co/zSBqpFaSjS",0,0,0,0,0.014482205733656883
2020-07-02,@truth_tesla @bipulh Lithium is common. Hard part is turning lithium salt or clay into extremely pure LiOH.,27,87,76,1026,0.007660153321921825
2020-07-02,"@Kristennetten @SamTalksTesla @tlowdon @daniellevitt22 Yes, at Tesla Grohmann",5,65,49,1049,0.012158557772636414
2020-07-02,"@SamTalksTesla @tlowdon @daniellevitt22 Tesla, as a side project, is building RNA microfactories for CureVac &amp; possibly others",169,179,305,1941,0.0033747898414731026
2020-07-01,@mojosusan @GovStitt @Tesla I love Texas! Starship production complex is in Boca Chica &amp; SpaceX engine development‚Ä¶ https://t.co/qR4QbbT87X,6,91,86,1715,0.9402934312820435
2020-07-01,"@GovStitt @Tesla Wow, I‚Äôve never seen this level of support! Out of respect, seems like I should at least visit.",119,590,504,12544,0.005903652869164944
2020-07-01,Tesla Impact Report (repost). We do everything humanly possible to source materials &amp; produce sustainable energy ca‚Ä¶ https://t.co/Ocymz4JM7D,208,1750,2750,28216,0.11634194850921631
2020-06-30,RT @teslaownersSV: The tesla supercharger provides an ecosystem and network of amazing travel and shopping opportunities. I plan a lot of t‚Ä¶,0,0,0,0,0.7263814210891724
2020-06-29,@Garrett_Watts @_TomCross_ @Tesla @Petersen_Museum Cybertruck does feel like cgi irl,11,119,80,3000,0.009006720967590809
2020-06-28,"Btw, Tesla actually receives *least* subsidies of any automaker in US. Federal tax credit applies to other automake‚Ä¶ https://t.co/elFfFU35MD",89,798,991,17802,0.20072618126869202
2020-06-28,"RT @_TomCross_: Cybertruck inside Petersen Automotive Museum.
#tesla #Cybertruck https://t.co/2XaZoM40Ve",0,0,0,0,0.0018264984246343374
2020-06-26,Only a matter of time before someone steals a Tesla while playing GTA on a Tesla,2031,3794,32874,368830,0.0041291736997663975
2020-06-25,@lulusdave @Tesla Glad you‚Äôre ok,8,43,43,1803,0.9412912726402283
2020-06-25,RT @GerberKawasaki: First thoughts driving my new Tesla model Y. Review and discussion of what I learned at Tesla today and outlook for the‚Ä¶,0,0,0,0,0.11831705272197723
2020-06-25,@blue_bnd @TomAbbotDavies1 @Tesla @thirdrowtesla @teslaownersSV @TeslaPodcast @TeslaOwnersWW @TeslaOwnersUK @Model3Owners Looks pretty cool,29,399,267,11649,0.6247905492782593
2020-06-25,Special thanks to Tesla trucking &amp; rail partners for figuratively &amp; literally going the extra mile,30,434,619,32504,0.8520235419273376
2020-06-25,Apologies to Tesla customers for shifting delivery dates. It‚Äôs a crazy world out there!,411,1901,2179,84132,0.22632409632205963
2020-06-25,"RT @cleantechnica: Wall Street Journal: Tesla Model Y Offers ‚ÄúFierce, Velvety‚Äù Driving¬†Characteristics https://t.co/dGY24gCVLz",0,0,0,0,0.019287370145320892
2020-06-22,Tentative date for Tesla Shareholder Meeting &amp; Battery Day is Sept 15. Will include tour of cell production system.,293,1661,2122,33590,0.33302947878837585
2020-06-22,Reminder that Tesla Full Self-Driving (FSD) price goes up by $1k on July 1st,415,2697,2425,68929,0.029878268018364906
2020-06-22,Enabling basic Tesla Autopilot via Tesla in-app purchase is reduced to $2k until July 1,183,1205,1393,37863,0.04694068059325218
2020-06-21,"Tesla Bioweapon Defense Mode
https://t.co/48s5D3ZQO0",370,1091,2386,24488,0.0022024819627404213
2020-06-21,RT @cleantechnica: Exclusive Pro Photos: Tesla Cybertruck At The Petersen Auto¬†Museum https://t.co/3ixBOsRTst,0,0,0,0,0.031132135540246964
2020-06-21,@TheGledinator @teslaownersSV @mattie_rogers @aikatchu @Tesla Haha Teslas all the way down,4,31,29,1164,0.014409326016902924
2020-06-21,"@teslaownersSV @mattie_rogers @aikatchu @Tesla Maybe, will look into it. We‚Äôd need to emulate a TV.",3,74,46,1337,0.05749230086803436
2020-06-21,"@mattie_rogers @aikatchu @Tesla We could probably make a fun punch (click) buggy game, with extra points for rare Teslas",9,42,56,1931,0.36681655049324036
2020-06-21,"@cleantechnica For example, we created a chip design team from scratch for the Tesla full self-driving computer, wh‚Ä¶ https://t.co/jiZtSep19O",20,118,209,2691,0.00363136432133615
2020-06-21,"@cleantechnica Tesla should really be thought of as roughly a dozen technology startups, many of which have little‚Ä¶ https://t.co/XqCOkleu0A",115,280,736,7950,0.005520291160792112
2020-06-21,@vincent13031925 @teslacn We are putting a lot of effort into improving the Tesla China experience with local engin‚Ä¶ https://t.co/rgU7VJoMVy,11,106,103,2383,0.12344815582036972
2020-06-21,"@aikatchu @Tesla Cool, lmk what we can do to improve the product, especially vehicle software/firmware, app &amp; overa‚Ä¶ https://t.co/WH6PEYqhaO",101,863,515,27468,0.20959258079528809
2020-06-21,RT @Tesla: https://t.co/26o1bAP14v,0,0,0,0,0.0029115895740687847
2020-06-20,@PPathole @Tesla Pulling up to The Petersen,24,366,241,14141,0.00507995393127203
2020-06-19,Juneteenth is henceforth considered a US holiday at Tesla &amp; SpaceX,2588,6353,33713,421136,0.060815200209617615
2020-06-19,@EvaFoxU @Tesla Moving fast,10,117,71,1985,0.03106001578271389
2020-06-19,@KatriniaDivina @TeslaPhx @Tesla Opening in about two weeks,11,50,31,923,0.0014729626709595323
2020-06-18,@TeslaPhx @Tesla ü§£ü§£,9,115,153,12969,0.006834253668785095
2020-06-18,"@Teslarati Tesla has an option to purchase this land, but has not exercised it",103,780,557,17970,0.007077026180922985
2020-06-16,"@tesla_peter @t0mmyr Actually, we‚Äôve made slight changes, but the range improvement is &gt;90% efficiency",6,58,40,1203,0.31304043531417847
2020-06-15,Tesla Model S now first ever electric vehicle to receive EPA range rating above 400 miles! https://t.co/EOTwVfvHS5,702,2254,7456,90324,0.09134260565042496
2020-06-10,Tesla factory workplace safety is 5% better than industry average for manufacturers &amp; improving fast https://t.co/axmInA9fZb,36,356,582,10791,0.5043002367019653
2020-06-10,Tesla batteries are lasting much longer than 200k miles / 320k km https://t.co/z882nf6yv9,56,210,674,7845,0.1784927248954773
2020-06-10,"Moreover, energy produced by Tesla solar deployments far exceeds energy used in our factories https://t.co/IDqf5gWeFt",22,113,380,4335,0.02732759341597557
2020-06-10,"Posting Tesla Impact Report, this time with summary points &amp; charts in my reply tweets https://t.co/4lyaV7kIS4",198,796,2075,23923,0.01134358998388052
2020-06-10,"Wort reading the whole thing
https://t.co/4lyaV7kIS4",390,2192,3082,39269,0.1209895983338356
2020-06-10,@jgrano305 @ICannot_Enough @GerberKawasaki @Tesla @joerogan We shall see ‚Ä¶,11,127,44,1646,0.004520815331488848
2020-06-10,@flcnhvy @GerberKawasaki @Tesla @joerogan Maybe I should retweet the top four or five point. What caught your eye the most?,5,101,51,1562,0.16343356668949127
2020-06-10,@flcnhvy @GerberKawasaki @Tesla @joerogan Good point!,2,44,32,1117,0.8477756977081299
2020-06-10,@ICannot_Enough @GerberKawasaki @Tesla @joerogan Yes,46,81,106,1668,0.011442631483078003
2020-06-10,@GerberKawasaki @Tesla (Formerly) mainstream media has systemic negative &amp; political bias about almost everything.‚Ä¶ https://t.co/L6zNZN8j9A,146,295,2044,14467,0.0010945753892883658
2020-06-08,@PPathole @Tesla Autopilot prime directive is: don‚Äôt crash. What seems fast to humans is slow to a computer. 360 de‚Ä¶ https://t.co/spHZHf7C5w,168,674,3236,49257,0.010872510261833668
2020-06-08,@emmerichvideo @Tesla Good point,3,50,35,1235,0.9122706651687622
2020-06-06,Order a Tesla online in 2 mins at https://t.co/46TXqRrsdr,1012,5031,3453,51933,0.021528244018554688
2020-06-06,Tesla Model Y review by Dan Neil https://t.co/3oS85UFaaR,164,1025,1891,26239,0.0017867524875327945
2020-05-29,"@cleantechnica Worth noting that, as of Jan 1, Tesla buyers no longer received any federal tax credit. Model 3 led‚Ä¶ https://t.co/vqSQaqJIpW",45,369,465,11230,0.005912153050303459
2020-05-18,Tesla Full Self-Driving option cost rises by ~$1000 worldwide on July 1st. Order a Tesla online in less than 2 minu‚Ä¶ https://t.co/ShDPEhKHqM,458,2704,2512,30359,0.04439258202910423
2020-05-15,@flcnhvy Tesla makes the safest cars in the world &amp; our factory injury rate is better than industry avg &amp; tracking‚Ä¶ https://t.co/UMfhMOOWJJ,62,172,265,2941,0.594733476638794
2020-05-15,@flcnhvy Absolutely. Tesla already went through this in China with 7000 employees. Zero fatalities or serious illnesses.,26,164,606,9581,0.04493241384625435
2020-05-14,Tesla Supercharger usage by region https://t.co/1y2zL2Jizt,464,1647,3124,46725,0.005363426171243191
2020-05-14,RT @JimBridenstine: Here‚Äôs some @Tesla news that everyone should love. Check out the Model X that will carry @AstroBehnken and @Astro_Doug‚Ä¶,0,0,0,0,0.6237608790397644
2020-05-13,RT @cleantechnica: Elon Musk‚Äôs Email To Tesla Employees Returning To¬†Work https://t.co/MYCLC79XJw,0,0,0,0,0.008363254368305206
2020-05-13,"RT @Teslarati: Tesla‚Äôs proven anti-pandemic safety plan has fallen on deaf ears amid an anti-Elon Musk narrative
https://t.co/MO6pdB6vDb",0,0,0,0,0.0042525166645646095
2020-05-13,"@jaredpolis @Tesla @kimbal Hi Jared, Colorado is great! I think your policies make a lot of sense.",105,655,362,10967,0.8601119518280029
2020-05-12,"@KenJennings All other car companies are allowed to manufacture *except* Tesla, you knucklehead. No wonder you got‚Ä¶ https://t.co/LkrUaFWyt6",186,535,570,7393,0.006527972873300314
2020-05-12,@alandail Haggerty actually admitted to NYT that he told his staff to ‚Äúslow down‚Äù Tesla for reasons that had nothin‚Ä¶ https://t.co/BzhReGljBO,30,138,231,1974,0.006078575272113085
2020-05-11,"@thehill Don‚Äôt mislead the public. State said YES, an unelected county official is the problem. Tesla factory in ad‚Ä¶ https://t.co/RgdGBvw5fX",150,695,3112,40088,0.006064389832317829
2020-05-11,"RT @elonmusk: @ChillMichelle @Tesla Yes, California approved, but an unelected county official illegally overrode. Also, all other auto com‚Ä¶",0,0,0,0,0.003798271296545863
2020-05-11,Tesla is restarting production today against Alameda County rules. I will be on the line with everyone else. If any‚Ä¶ https://t.co/c6C8SDqyNY,26335,33044,75893,505436,0.07503871619701385
2020-05-11,"@ChillMichelle @Tesla Yes, California approved, but an unelected county official illegally overrode. Also, all othe‚Ä¶ https://t.co/jtPRHGlTYt",650,4252,6592,66997,0.0026544248685240746
2020-05-11,@HidalgoCounty @JudgeCortez @GovAbbott @Tesla @john_jwitt Note is much appreciated,108,432,1063,17618,0.851216733455658
2020-05-11,Thanks for the cool suggestions üòÄ‚ù§Ô∏èüëç More fun coming to your Tesla soon! https://t.co/QnuG6kRHM5,182,1875,1798,42896,0.9966842532157898
2020-05-11,@PPathole @LorenaSGonzalez @Tesla Absolutely,3,70,69,2551,0.03178653493523598
2020-05-10,@flcnhvy @AlamedaCounty @Tesla Exactly,12,209,118,4399,0.010476680472493172
2020-05-10,RT @Tesla: https://t.co/X9dzVXLBLx,0,0,0,0,0.0014195407275110483
2020-05-09,@thirdrowtesla @Tesla @AlamedaCounty @ACSOSheriffs @Dare2BWell I‚Äôm not messing around. Absurd &amp; medically irrationa‚Ä¶ https://t.co/JzkXq9PgoQ,614,2269,4645,29677,0.002708286512643099
2020-05-09,"@adrianfine @Tesla @cityofpaloalto Much appreciated, Mayor Fine!",15,185,148,5434,0.9771131277084351
2020-05-09,@bradd_libby Tesla is the biggest manufacturer in California &amp; second biggest exporter,128,553,826,9545,0.5950349569320679
2020-05-09,@KristiRJensen @EverydayElon @SjvTesla @GerberKawasaki @thirdrowtesla Exactly! Tesla knows far more about what need‚Ä¶ https://t.co/RIMdo6cqRc,108,333,476,4360,0.06962119787931442
2020-05-09,"@GerberKawasaki @thirdrowtesla Frankly, this is the final straw. Tesla will now move its HQ and future programs to‚Ä¶ https://t.co/IDLjEvXyDW",5632,12838,14026,60258,0.03196010738611221
2020-05-09,@GerberKawasaki @thirdrowtesla Tesla is filing a lawsuit against Alameda County immediately. The unelected &amp; ignora‚Ä¶ https://t.co/spZgw673Yf,1556,3313,5598,29289,0.0005914288922213018
2020-05-07,@Godmiller1 @Johnnaaaaaaaaaa @EvaFoxU @Tesla Would cover latitude of London,8,110,31,1020,0.0033793922048062086
2020-05-07,@clay_ellis @Tesla Yes,18,122,72,7316,0.09443414956331253
2020-05-07,"@Johnnaaaaaaaaaa @EvaFoxU @Tesla It will only work for higher latitudes (Seattle) at first, then get progressively closer to the equator",17,314,55,1122,0.03257768601179123
2020-05-07,@Johnnaaaaaaaaaa @EvaFoxU @Tesla Sure :),8,99,28,1154,0.08718087524175644
2020-05-07,@EvaFoxU @Tesla Way more important than it sounds,21,116,134,2600,0.16220055520534515
2020-05-07,@PPathole @InSpaceXItrust @Space_Station @Tesla @SpaceX @Commercial_Crew 2008 was a super tough year on all levels,10,122,93,3625,0.09006288647651672
2020-05-07,"@thirdrowtesla Tesla &amp; SpaceX are the top two destinations for engineers, because you can have the most fun creatin‚Ä¶ https://t.co/GRUJtT5W3G",111,460,1398,21597,0.733835756778717
2020-05-06,@InSpaceXItrust @Space_Station @Tesla @SpaceX @Commercial_Crew That was the whole company back then. Grew organical‚Ä¶ https://t.co/BnITD1sUe5,23,320,334,11120,0.005729830823838711
2020-05-06,"@28delayslater @PPathole @truth_tesla @flabellina212 @bouncygulag @tmornini @Param86330798 @Grimezsz I mean, this d‚Ä¶ https://t.co/9ZRAf64heO",16,165,102,5331,0.0010348021751269698
2020-05-06,@PPathole @truth_tesla @flabellina212 @bouncygulag @tmornini @Param86330798 @Grimezsz Orange you glad it‚Äôs not entomology?,6,65,42,2061,0.01868162862956524
2020-05-06,@truth_tesla @flabellina212 @bouncygulag @tmornini @Param86330798 @Grimezsz Not to mention https://t.co/LJJCD7BAgX!,9,41,84,1747,0.00043980166083201766
2020-05-05,@Gfilche @Tesla There are many pieces to the puzzle,18,175,143,3455,0.03502802178263664
2020-05-01,"@Nfdguy As always, I am optimistic about Tesla long-term",108,402,384,6041,0.6148926615715027
2020-05-01,Tesla stock price is too high imo,14527,12935,22197,196161,0.004427298437803984
2020-04-30,"RT @vincent13031925: Tesla Reached 1,000 Solar Roof Production In A Single Week, Exceeding 4MW https://t.co/hW5WPdv6np",0,0,0,0,0.04428743198513985
2020-04-30,RT @Lebeaucarnews: $TSLA CEO @elonmusk blasts shelter in place orders: ‚ÄúTo say that they cannot leave their house and they will be arrested‚Ä¶,0,0,0,0,0.001948939636349678
2020-04-25,@cleantechnica Many talented engineers are working on FSD at Tesla. What matters is solving vision at high frame ra‚Ä¶ https://t.co/DMWv2ZOMsk,10,80,142,1567,0.6648244261741638
2020-04-24,"RT @thirdrowtesla: Starting today Teslas in the US can automatically stop for traffic lights and stop signs.üö¶üõë

Just say where you want to‚Ä¶",0,0,0,0,0.08380388468503952
2020-04-24,@yourfavgas @VenciKudev @Tesla Width currently limited by size of cold-roll press needed to get steel to full hard‚Ä¶ https://t.co/MzNwuHYdBH,7,72,53,1360,0.0019304757006466389
2020-04-24,@VenciKudev @Tesla Absolutely,4,30,34,1040,0.13705883920192719
2020-04-24,Welcome @hiromichimizuno to the Tesla board! Honored to have you.,84,676,802,21974,0.9910643100738525
2020-04-24,@billycrammer @FlaTesla @Tesla üëç,7,87,61,2054,0.022886794060468674
2020-04-23,"RT @Teslarati: Tesla Model S and Model X get free acceleration and endurance boost in new update
https://t.co/MsYXu4IMuW https://t.co/m5dlQ‚Ä¶",0,0,0,0,0.12537725269794464
2020-04-23,@MFrunker @teslaownersSV @CodingMark @JosephVVallace @Kristennetten @thirdrowtesla @Tesla Coming soon,16,85,58,929,0.0024480042047798634
2020-04-23,@teslaownersSV @CodingMark @JosephVVallace @Kristennetten @thirdrowtesla @Tesla Yes,6,48,31,714,0.023119477555155754
2020-04-23,"@CodingMark @JosephVVallace @teslaownersSV @Kristennetten @thirdrowtesla @Tesla Yeah, it‚Äôs named after my friend Jo‚Ä¶ https://t.co/pF7GPuou2k",5,51,41,1399,0.008592363446950912
2020-04-23,@teslaownersSV @Kristennetten @thirdrowtesla @Tesla Maybe just make Joe Mode quieter?,4,106,33,721,0.002099292352795601
2020-04-23,"In advance of this, please try to hack Starlink &amp; Tesla Mothership! https://t.co/msdv8Dq2BN",190,818,2098,23771,0.02096257358789444
2020-04-20,@batflyer @tobyliiiiiiiiii @Kristennetten @thirdrowtesla @Tesla Yes. It will even float for a while.,49,170,91,1716,0.12117932736873627
2020-04-20,"@tobyliiiiiiiiii @Kristennetten @thirdrowtesla @Tesla Yeah, and whole lot more! Aargh, I‚Äôm dying to make Cybertruck like yesterday!!",41,311,237,5527,0.4344857335090637
2020-04-20,@teslaownersSV @Kristennetten @thirdrowtesla @Tesla Thinking about this ‚Ä¶,5,112,49,1129,0.0008732922142371535
2020-04-20,@Kristennetten @thirdrowtesla @Tesla This is the key paragraph https://t.co/zvTWhPVcM4,9,117,117,1884,0.0009748893207870424
2020-04-18,@marcelzimmer @parth_dhawale @Tesla The way it should be!,9,131,126,8608,0.32179760932922363
2020-04-17,@CovelloMassimo @Tesla Will do,51,147,151,7194,0.025429634377360344
2020-04-16,Partial list of hospitals to which Tesla sent ventilators https://t.co/sfI6yuUbrM,2224,4385,17262,188079,0.006817477289587259
2020-04-16,@RationalEtienne @PPathole @fat__tire @Kristennetten @Robotbeat @ghotiing @CruizVinicius @josh119872 @SweetINXS‚Ä¶ https://t.co/19iZJrO4jt,10,52,41,683,0.0007636856753379107
2020-04-16,@PPathole @fat__tire @Kristennetten @Robotbeat @ghotiing @CruizVinicius @josh119872 @SweetINXS @voteLabonte‚Ä¶ https://t.co/MtYTEHbPHE,14,32,92,614,0.0008941821870394051
2020-04-16,@fat__tire @Kristennetten @Robotbeat @ghotiing @CruizVinicius @josh119872 @SweetINXS @voteLabonte @Erdayastronaut‚Ä¶ https://t.co/ykcF5kO9X5,107,175,76,683,0.0015499796718358994
2020-04-16,@PPathole @Robotbeat @ghotiing @CruizVinicius @josh119872 @SweetINXS @voteLabonte @Erdayastronaut @Tesla The way th‚Ä¶ https://t.co/QTGUqC5bAd,42,109,106,1289,0.0006800774717703462
2020-04-16,@Robotbeat @ghotiing @CruizVinicius @josh119872 @SweetINXS @voteLabonte @Erdayastronaut @Tesla Tesla actually sent‚Ä¶ https://t.co/YBwxc1JD0C,264,241,103,901,0.0002821864909492433
2020-04-16,"@davidmholtom @Nu23ro @SciGuySpace Tesla *was* saved by an investment in May 2009 from Daimler, not govt. Without t‚Ä¶ https://t.co/gT0NepDXUD",8,51,84,1107,0.07524445652961731
2020-04-16,"@davidmholtom @Nu23ro @SciGuySpace Exactly. In mid 2009, Tesla received non-binding approval for loan program actua‚Ä¶ https://t.co/Qc7QVyDdUj",10,22,83,1093,0.0036768277641385794
2020-04-12,@PPathole @LivingTesla @Tesla Functionality still looking good for this year. Regulatory approval is the big unknown.,65,187,153,1733,0.5564397573471069
2020-04-12,"@LivingTesla @Tesla It‚Äôs not turned on. Meant for vandalism monitoring in a robotaxi future. Also, the car has tran‚Ä¶ https://t.co/c3ozaL5AEu",23,73,81,1115,0.0032184086740016937
2020-04-11,@AbiyAhmedAli @Tesla Good talking to you too. It was an honor.,8,87,126,4273,0.9863865375518799
2020-04-09,@MountSinaiNYC @Tesla You‚Äôre welcome!,5,104,107,3681,0.9510923624038696
2020-04-09,"RT @Tesla: Tesla wins 5/6 Kelley Blue Book awards

üèÜ Best Overall
üèÜ Best Value
üèÜ Most Refined
üèÜ Best Performance
üèÜ Best Styling",0,0,0,0,0.6655791401863098
2020-04-08,"@thirdrowtesla Humans drive using 2 cameras on a slow gimbal &amp; are often distracted. A Tesla with 8 cameras, radar,‚Ä¶ https://t.co/CowZtqSxox",65,286,608,5264,0.0032548827584832907
2020-04-07,@rknapp_12 @Tesla @thirdrowtesla Coming soon,12,113,92,5014,0.0024179655592888594
2020-04-06,@flcnhvy @Sofiaan @Tesla That‚Äôs our goal!,6,115,120,5055,0.29272085428237915
2020-04-06,@facts_tesla Amazing ü§£ü§£,3,69,77,3252,0.9748659133911133
2020-04-05,@flcnhvy @Tesla Cool!,4,43,64,1434,0.854445219039917
2020-04-05,@BramJan75663351 @flcnhvy @Tesla Love that Gen Shinseki quote!,3,26,34,847,0.7540394067764282
2020-04-05,RT @Tesla: Engineering update on the Tesla ventilator,0,0,0,0,0.04659207537770271
2020-04-05,We‚Äôre adding this here catchy tune to the music maker in the Tesla!,37,334,297,10957,0.8439651727676392
2020-04-04,RT @Medtronic: #MDTisMobilizing with @elonmusk. Our collaboration with @Tesla / SpaceX is bearing fruit. @SpaceX is now making a vital comp‚Ä¶,0,0,0,0,0.21428920328617096
2020-04-04,@HenryFordNews @Tesla üëç,8,129,134,5614,0.01728164777159691
2020-04-04,@NYCHealthSystem @Tesla You‚Äôre welcome!,14,99,125,4594,0.9375159740447998
2020-04-04,@teslaownersSV @28delayslater @thirdrowtesla Tesla is on second rev of internal ventilator design. Will post an update on this tomorrow.,60,173,222,2451,0.026190463453531265
2020-04-04,@28delayslater @thirdrowtesla First Medtronic units from Tesla getting installed in NY metro area. These are for wo‚Ä¶ https://t.co/2Kk4DvuOm9,91,209,715,7117,0.009479359723627567
2020-04-03,"@jgrano305 @Kristennetten @brandonbernicky @thirdrowtesla Oh sure, good point. Will discuss with team &amp; make available to buy in Tesla app.",9,93,47,741,0.5059276223182678
2020-04-03,@ChrisDungeon @Tesla ü§î,6,94,72,1968,0.0011608009226620197
2020-03-31,@NYCHealthSystem @Tesla Happy we could be helpful! More available if needed.,55,392,549,14387,0.8815959095954895
2020-03-31,We have extra FDA-approved ventilators. Will ship to hospitals worldwide within Tesla delivery regions. Device &amp; sh‚Ä¶ https://t.co/34PQmddogo,10079,12524,70915,309715,0.20657098293304443
2020-03-27,@NYCMayor Biggest value Tesla is providing is precise delivery of ventilators exactly to the ICU where &amp; when they‚Äô‚Ä¶ https://t.co/gPQC9kqF4P,81,158,390,5149,0.5923250317573547
2020-03-27,@NYCMayor You‚Äôre most welcome. Credit to the Tesla team. Will do our best to help in any way.,60,286,682,17575,0.9366254806518555
2020-03-25,@flcnhvy @Tesla Giga New York will reopen for ventilator production as soon as humanly possible. We will do anythin‚Ä¶ https://t.co/OBSiYNQjXW,170,364,896,7595,0.06206317991018295
2020-03-25,@enscand @PPathole @flcnhvy @Tesla Something weird happened at CDC yesterday. They changed the graph to include ‚Äúes‚Ä¶ https://t.co/3j0jcRS6Yk,8,73,57,740,0.0020439429208636284
2020-03-25,@PPathole @flcnhvy @Tesla C19 testing in the US over the past week has grown much faster than C19 positive cases. I‚Ä¶ https://t.co/9Efo0MpQx9,49,217,165,1633,0.1860775649547577
2020-03-25,@PPathole @flcnhvy @Tesla Yes. Is there more? Should be a lot of data by now.,3,68,42,790,0.02624458819627762
2020-03-25,@flcnhvy @Tesla Making good progress. We will do whatever is needed to help in these difficult times.,65,298,698,11501,0.7092046141624451
2020-03-24,"@SteveHamel16 @JordanWells33 @hereforthecom19 @ScottWapnerCNBC Thanks Tesla China team, China Customs Authority &amp; L‚Ä¶ https://t.co/edQKYB7l4F",38,138,325,5965,0.08834648877382278
2020-03-23,@uwdrwaldorf @Tesla @omead_a @UWMedicine Thanks for taking delivery in your garage! Let us know if there‚Äôs anything else you need.,12,51,131,2348,0.7371221780776978
2020-03-22,"@justpaulinelol @EvaFoxU @Tesla We expect to have over ~1200 to distribute this week. Getting them delivered, insta‚Ä¶ https://t.co/G2c007ZTK1",157,469,841,10449,0.048824992030858994
2020-03-22,@EvaFoxU @Tesla Supply chain logistics ‚Äî getting masks &amp; other PPE to the right places in time  ‚Äî is the main issue‚Ä¶ https://t.co/5CvoF8HpAt,21,134,191,2295,0.030376337468624115
2020-03-22,@NativeCACV @Tesla @omead_a You‚Äôre most welcome. We‚Äôre working on getting other types of PPE too. Ventilators shoul‚Ä¶ https://t.co/vQWUnuF1Xv,24,107,149,1564,0.41793739795684814
2020-03-21,RT @Medtronic: Addressing #COVID19 is a group effort. We are grateful for the discussion with @ElonMusk and @Tesla as we work across indust‚Ä¶,0,0,0,0,0.8627864122390747
2020-03-19,@Cernovich China is operating normally across hundreds of suppliers &amp; all of Tesla Shanghai,59,197,301,4400,0.026019925251603127
2020-03-19,@NateSilver538 Tesla makes cars with sophisticated hvac systems. SpaceX makes spacecraft with life support systems.‚Ä¶ https://t.co/3l6IMNn8DN,1260,3588,2048,11985,0.1862320601940155
2020-03-16,"RT @Tesla: Model Y deliveries begin!

https://t.co/ZhuiM5MTOf https://t.co/3gX6MBPmhp",0,0,0,0,0.0409536249935627
2020-03-15,@Tesla Congratulations Giga NY team!,17,250,379,12978,0.9982345104217529
2020-03-11,@TesLatino @Tesla Checking,8,64,64,1419,0.000994873116724193
2020-03-11,"RT @vincent13031925: Tesla Topped 1st Place üèÜü•á in Consumer Reports Owner Satisfaction Survey üëèüèªüëèüèªüëèüèª

$TSLA #Tesla 
@elonmusk @Tesla
https:/‚Ä¶",0,0,0,0,0.11731505393981934
2020-03-10,@EvaFoxU @Autozeitung @Tesla ‚ö°Ô∏è,10,115,84,2584,0.005288376938551664
2020-03-10,Tesla should have a mega rave cave under the Berlin Gigafatory,1640,4043,9249,75360,0.011876650154590607
2020-03-10,"Congratulations Tesla team on making our 1,000,000th car!! https://t.co/5M99a9LLQi",2080,3910,19639,252848,0.9990217685699463
2020-03-05,@Tesla Raising art to new heights,37,628,502,18987,0.09447809308767319
2020-03-05,RT @Tesla: Art of the Roof,0,0,0,0,0.08543168008327484
2020-03-04,RT @Tesla: Model 3 recently earned the 2020 IIHS Top Safety Pick+ Award. Winning cars are selected on their ability to protect people insid‚Ä¶,0,0,0,0,0.35598045587539673
2020-03-04,@justpaulinelol @Erdayastronaut @Sofiaan @Tesla We‚Äôre making progress. Improved rules are going through the EU stan‚Ä¶ https://t.co/AH92MZtbBo,25,94,116,2117,0.04669978469610214
2020-03-04,"@Erdayastronaut @Sofiaan @Tesla Cool, we‚Äôre tracking to release more FSD features later this month",59,188,198,2356,0.19462405145168304
2020-03-04,"@Sofiaan @Tesla True. Oddly, those who complained didn‚Äôt actually order FSD. Perhaps they weren‚Äôt aware that the co‚Ä¶ https://t.co/yC54tLBzeD",36,161,114,1524,0.0027165072970092297
2020-03-04,"RT @Teslarati: Tesla rolls out ""range update"" for Model S, Model X display to reflect improved efficiency. Model X shows a whopping 354 mil‚Ä¶",0,0,0,0,0.16771547496318817
2020-03-02,RT @WIRED: Your Cybertruck is here. It's just ... a toy. The Hot Wheels Tesla Cybertruck goes 25 miles per hour and accelerates like a demo‚Ä¶,0,0,0,0,0.2949208617210388
2020-02-26,@Erdayastronaut @JaneidyEve @JakeTheHuman28 @tesla_truth @Twitter Sure,11,121,103,3631,0.0019256557570770383
2020-02-26,@JaneidyEve @JakeTheHuman28 @tesla_truth @Twitter Posting SpaceX videos is definitely not copyright infringement!,32,101,230,3159,0.011248770169913769
2020-02-22,Getting there was super hard. Very proud of Tesla team!,46,561,532,20553,0.9665793776512146
2020-02-22,Model 3 achieves 350 mile actual range vs 310 EPA sticker in Consumer Reports testing https://t.co/5hqRhjP4bV,212,1159,2237,31024,0.020992541685700417
2020-02-20,RT @Tesmanian_com: Tesla Model 3 Is Consumer Reports' Top EV Pick for 2020 https://t.co/4ZthC6qt88 https://t.co/AyIfI6CsNb,0,0,0,0,0.05520663037896156
